MthCalDt,INDNO,_NAME_,COL1
1934-01-31,1000511,MthTotRet,0.2077385059
1934-02-28,1000511,MthTotRet,-0.026909419
1934-03-31,1000511,MthTotRet,0.002125545
1934-04-30,1000511,MthTotRet,-0.008762409
1934-05-31,1000511,MthTotRet,-0.099887273
1934-06-30,1000511,MthTotRet,0.0271710884
1934-07-31,1000511,MthTotRet,-0.187625039
1934-08-31,1000511,MthTotRet,0.0982132097
1934-09-29,1000511,MthTotRet,0.0049910817
1934-10-31,1000511,MthTotRet,-0.044209986
1934-11-30,1000511,MthTotRet,0.0893996073
1934-12-31,1000511,MthTotRet,-0.018468484
1935-01-31,1000511,MthTotRet,-0.058032597
1935-02-28,1000511,MthTotRet,-0.068249951
1935-03-30,1000511,MthTotRet,-0.045069821
1935-04-30,1000511,MthTotRet,0.0980074677
1935-05-31,1000511,MthTotRet,0.0521271621
1935-06-29,1000511,MthTotRet,0.0727092972
1935-07-31,1000511,MthTotRet,0.0921410004
1935-08-31,1000511,MthTotRet,0.0642303904
1935-09-30,1000511,MthTotRet,0.0136234789
1935-10-31,1000511,MthTotRet,0.0777870003
1935-11-30,1000511,MthTotRet,0.1142763729
1935-12-31,1000511,MthTotRet,0.0468017686
1936-01-31,1000511,MthTotRet,0.1133315768
1936-02-29,1000511,MthTotRet,0.0459626655
1936-03-31,1000511,MthTotRet,0.0007650367
1936-04-30,1000511,MthTotRet,-0.097464099
1936-05-29,1000511,MthTotRet,0.0629270247
1936-06-30,1000511,MthTotRet,0.0192858836
1936-07-31,1000511,MthTotRet,0.0867858156
1936-08-31,1000511,MthTotRet,0.0240991161
1936-09-30,1000511,MthTotRet,0.0163079546
1936-10-31,1000511,MthTotRet,0.0585557915
1936-11-30,1000511,MthTotRet,0.0339807915
1936-12-31,1000511,MthTotRet,0.0126444004
1937-01-30,1000511,MthTotRet,0.0505246695
1937-02-27,1000511,MthTotRet,0.0305789471
1937-03-31,1000511,MthTotRet,0.0148764889
1937-04-30,1000511,MthTotRet,-0.087845388
1937-05-28,1000511,MthTotRet,-0.027491934
1937-06-30,1000511,MthTotRet,-0.076649978
1937-07-31,1000511,MthTotRet,0.1145786443
1937-08-31,1000511,MthTotRet,-0.05817127
1937-09-30,1000511,MthTotRet,-0.17412482
1937-10-30,1000511,MthTotRet,-0.111564002
1937-11-30,1000511,MthTotRet,-0.093808044
1937-12-31,1000511,MthTotRet,-0.093195678
1938-01-31,1000511,MthTotRet,0.0046048366
1938-02-28,1000511,MthTotRet,0.0850893737
1938-03-31,1000511,MthTotRet,-0.306927186
1938-04-30,1000511,MthTotRet,0.1892993043
1938-05-31,1000511,MthTotRet,-0.043337013
1938-06-30,1000511,MthTotRet,0.3051480037
1938-07-30,1000511,MthTotRet,0.0909084374
1938-08-31,1000511,MthTotRet,-0.059336075
1938-09-30,1000511,MthTotRet,-0.002649163
1938-10-31,1000511,MthTotRet,0.1504164532
1938-11-30,1000511,MthTotRet,-0.044653741
1938-12-31,1000511,MthTotRet,0.0642385793
1939-01-31,1000511,MthTotRet,-0.083678017
1939-02-28,1000511,MthTotRet,0.0532590162
1939-03-31,1000511,MthTotRet,-0.194921874
1939-04-29,1000511,MthTotRet,0.0062119949
1939-05-31,1000511,MthTotRet,0.0849140522
1939-06-30,1000511,MthTotRet,-0.095768051
1939-07-31,1000511,MthTotRet,0.1510388288
1939-08-31,1000511,MthTotRet,-0.103916192
1939-09-30,1000511,MthTotRet,0.374804638
1939-10-31,1000511,MthTotRet,-0.034073242
1939-11-30,1000511,MthTotRet,-0.085513882
1939-12-30,1000511,MthTotRet,0.0255158032
1940-01-31,1000511,MthTotRet,-0.043764782
1940-02-29,1000511,MthTotRet,0.0161799075
1940-03-30,1000511,MthTotRet,0.0094629408
1940-04-30,1000511,MthTotRet,0.008317826
1940-05-31,1000511,MthTotRet,-0.282952711
1940-06-29,1000511,MthTotRet,0.1271524301
1940-07-31,1000511,MthTotRet,0.0284492216
1940-08-31,1000511,MthTotRet,0.0271452667
1940-09-30,1000511,MthTotRet,0.0120845358
1940-10-31,1000511,MthTotRet,0.0616069863
1940-11-30,1000511,MthTotRet,-0.044140434
1940-12-31,1000511,MthTotRet,-0.013939386
1941-01-31,1000511,MthTotRet,-0.019415485
1941-02-28,1000511,MthTotRet,-0.011068011
1941-03-31,1000511,MthTotRet,0.0151638602
1941-04-30,1000511,MthTotRet,-0.067709337
1941-05-31,1000511,MthTotRet,-0.002942821
1941-06-30,1000511,MthTotRet,0.0601746963
1941-07-31,1000511,MthTotRet,0.1276423725
1941-08-30,1000511,MthTotRet,-0.015959103
1941-09-30,1000511,MthTotRet,-0.024632483
1941-10-31,1000511,MthTotRet,-0.078186562
1941-11-29,1000511,MthTotRet,-0.050412559
1941-12-31,1000511,MthTotRet,-0.061794853
1942-01-31,1000511,MthTotRet,0.1015718827
1942-02-28,1000511,MthTotRet,-0.007279251
1942-03-31,1000511,MthTotRet,-0.074708079
1942-04-30,1000511,MthTotRet,-0.043660855
1942-05-29,1000511,MthTotRet,0.0382453851
1942-06-30,1000511,MthTotRet,0.0140637861
1942-07-31,1000511,MthTotRet,0.0525221203
1942-08-31,1000511,MthTotRet,0.0120651657
1942-09-30,1000511,MthTotRet,0.0520956601
1942-10-31,1000511,MthTotRet,0.1102826477
1942-11-30,1000511,MthTotRet,-0.032667609
1942-12-31,1000511,MthTotRet,0.0458603576
1943-01-30,1000511,MthTotRet,0.129045616
1943-02-27,1000511,MthTotRet,0.1152542316
1943-03-31,1000511,MthTotRet,0.0908567878
1943-04-30,1000511,MthTotRet,0.0492905109
1943-05-29,1000511,MthTotRet,0.0709623308
1943-06-30,1000511,MthTotRet,0.0091452002
1943-07-31,1000511,MthTotRet,-0.066325471
1943-08-31,1000511,MthTotRet,0.0055282106
1943-09-30,1000511,MthTotRet,0.0367596797
1943-10-30,1000511,MthTotRet,-0.002129698
1943-11-30,1000511,MthTotRet,-0.10334178
1943-12-31,1000511,MthTotRet,0.1005157244
1944-01-31,1000511,MthTotRet,0.0421083781
1944-02-29,1000511,MthTotRet,0.0258165122
1944-03-31,1000511,MthTotRet,0.033124197
1944-04-29,1000511,MthTotRet,-0.03319744
1944-05-31,1000511,MthTotRet,0.0534284935
1944-06-30,1000511,MthTotRet,0.0758722394
1944-07-31,1000511,MthTotRet,-0.011995382
1944-08-31,1000511,MthTotRet,0.0255956973
1944-09-30,1000511,MthTotRet,-0.009373698
1944-10-31,1000511,MthTotRet,-0.008160781
1944-11-30,1000511,MthTotRet,0.0121217009
1944-12-30,1000511,MthTotRet,0.0767570519
1945-01-31,1000511,MthTotRet,0.0284986482
1945-02-28,1000511,MthTotRet,0.0965395556
1945-03-31,1000511,MthTotRet,-0.035362692
1945-04-30,1000511,MthTotRet,0.1161007018
1945-05-31,1000511,MthTotRet,0.0313002795
1945-06-30,1000511,MthTotRet,0.0560010335
1945-07-31,1000511,MthTotRet,-0.03084141
1945-08-31,1000511,MthTotRet,0.0453504324
1945-09-29,1000511,MthTotRet,0.0736030091
1945-10-31,1000511,MthTotRet,0.0504082087
1945-11-30,1000511,MthTotRet,0.0726018359
1945-12-31,1000511,MthTotRet,0.0095627376
1946-01-31,1000511,MthTotRet,0.0931619958
1946-02-28,1000511,MthTotRet,-0.071858373
1946-03-30,1000511,MthTotRet,0.0543645373
1946-04-30,1000511,MthTotRet,0.0275921222
1946-05-31,1000511,MthTotRet,0.0432633285
1946-06-28,1000511,MthTotRet,-0.03996261
1946-07-31,1000511,MthTotRet,-0.042520983
1946-08-30,1000511,MthTotRet,-0.075229311
1946-09-30,1000511,MthTotRet,-0.12732847
1946-10-31,1000511,MthTotRet,0.006155232
1946-11-30,1000511,MthTotRet,0.0015407769
1946-12-31,1000511,MthTotRet,0.0463075306
1947-01-31,1000511,MthTotRet,0.0184425194
1947-02-28,1000511,MthTotRet,-0.009224485
1947-03-31,1000511,MthTotRet,-0.029036708
1947-04-30,1000511,MthTotRet,-0.065362236
1947-05-29,1000511,MthTotRet,-0.018515575
1947-06-30,1000511,MthTotRet,0.050607304
1947-07-31,1000511,MthTotRet,0.0549634604
1947-08-29,1000511,MthTotRet,-0.023745022
1947-09-30,1000511,MthTotRet,-0.001423424
1947-10-31,1000511,MthTotRet,0.0115428785
1947-11-29,1000511,MthTotRet,-0.038861994
1947-12-31,1000511,MthTotRet,0.0408363817
1948-01-31,1000511,MthTotRet,-0.017679923
1948-02-28,1000511,MthTotRet,-0.047394708
1948-03-31,1000511,MthTotRet,0.1003683333
1948-04-30,1000511,MthTotRet,0.0346345067
1948-05-28,1000511,MthTotRet,0.0777942104
1948-06-30,1000511,MthTotRet,0.0103014435
1948-07-30,1000511,MthTotRet,-0.048440714
1948-08-31,1000511,MthTotRet,0.0175395606
1948-09-30,1000511,MthTotRet,-0.036961508
1948-10-30,1000511,MthTotRet,0.0593470892
1948-11-30,1000511,MthTotRet,-0.109581776
1948-12-31,1000511,MthTotRet,0.028019351
1949-01-31,1000511,MthTotRet,0.0148546484
1949-02-28,1000511,MthTotRet,-0.028417597
1949-03-31,1000511,MthTotRet,0.0421445621
1949-04-30,1000511,MthTotRet,-0.02888809
1949-05-31,1000511,MthTotRet,-0.02651878
1949-06-30,1000511,MthTotRet,-0.00671008
1949-07-29,1000511,MthTotRet,0.0568300839
1949-08-31,1000511,MthTotRet,0.0235929839
1949-09-30,1000511,MthTotRet,0.0342085789
1949-10-31,1000511,MthTotRet,0.0185647148
1949-11-30,1000511,MthTotRet,0.0189405265
1949-12-31,1000511,MthTotRet,0.0682722318
1950-01-31,1000511,MthTotRet,0.0339636108
1950-02-28,1000511,MthTotRet,0.0184787582
1950-03-31,1000511,MthTotRet,0.004111282
1950-04-29,1000511,MthTotRet,0.0359292846
1950-05-31,1000511,MthTotRet,0.0253387856
1950-06-30,1000511,MthTotRet,-0.072074664
1950-07-31,1000511,MthTotRet,0.0551971635
1950-08-31,1000511,MthTotRet,0.0349309067
1950-09-29,1000511,MthTotRet,0.0648425978
1950-10-31,1000511,MthTotRet,-0.007083752
1950-11-30,1000511,MthTotRet,0.02872106
1950-12-30,1000511,MthTotRet,0.0796786488
1951-01-31,1000511,MthTotRet,0.0722705679
1951-02-28,1000511,MthTotRet,0.0094464195
1951-03-31,1000511,MthTotRet,-0.02480632
1951-04-30,1000511,MthTotRet,0.0317175806
1951-05-31,1000511,MthTotRet,-0.022843938
1951-06-29,1000511,MthTotRet,-0.041802814
1951-07-31,1000511,MthTotRet,0.0771906827
1951-08-31,1000511,MthTotRet,0.0350933178
1951-09-28,1000511,MthTotRet,0.0176002615
1951-10-31,1000511,MthTotRet,-0.023050884
1951-11-30,1000511,MthTotRet,0.0147613869
1951-12-31,1000511,MthTotRet,0.0279181114
1952-01-31,1000511,MthTotRet,0.0207779463
1952-02-29,1000511,MthTotRet,-0.016045495
1952-03-31,1000511,MthTotRet,0.0450301564
1952-04-30,1000511,MthTotRet,-0.035339582
1952-05-29,1000511,MthTotRet,0.0281180837
1952-06-30,1000511,MthTotRet,0.0390119324
1952-07-31,1000511,MthTotRet,0.0188712703
1952-08-29,1000511,MthTotRet,-0.004181749
1952-09-30,1000511,MthTotRet,-0.018358799
1952-10-31,1000511,MthTotRet,-0.011535941
1952-11-28,1000511,MthTotRet,0.0761246058
1952-12-31,1000511,MthTotRet,0.0358683692
1953-01-30,1000511,MthTotRet,0.0067616011
1953-02-27,1000511,MthTotRet,-0.006502804
1953-03-31,1000511,MthTotRet,-0.016475228
1953-04-30,1000511,MthTotRet,-0.024339093
1953-05-29,1000511,MthTotRet,0.0094658327
1953-06-30,1000511,MthTotRet,-0.019464066
1953-07-31,1000511,MthTotRet,0.0231651231
1953-08-31,1000511,MthTotRet,-0.055386672
1953-09-30,1000511,MthTotRet,-0.006661727
1953-10-30,1000511,MthTotRet,0.0420347452
1953-11-30,1000511,MthTotRet,0.0269208455
1953-12-31,1000511,MthTotRet,-0.010891838
1954-01-29,1000511,MthTotRet,0.0603932861
1954-02-26,1000511,MthTotRet,0.0091827647
1954-03-31,1000511,MthTotRet,0.0244391031
1954-04-30,1000511,MthTotRet,0.0195878723
1954-05-28,1000511,MthTotRet,0.0444119844
1954-06-30,1000511,MthTotRet,0.0139659976
1954-07-30,1000511,MthTotRet,0.0599175363
1954-08-31,1000511,MthTotRet,-0.026369895
1954-09-30,1000511,MthTotRet,0.0458179279
1954-10-29,1000511,MthTotRet,-0.009136556
1954-11-30,1000511,MthTotRet,0.1070417589
1954-12-31,1000511,MthTotRet,0.0752048605
1955-01-31,1000511,MthTotRet,0.0088483274
1955-02-28,1000511,MthTotRet,0.0328852868
1955-03-31,1000511,MthTotRet,-0.003972845
1955-04-29,1000511,MthTotRet,0.0365129009
1955-05-31,1000511,MthTotRet,0.0120659688
1955-06-30,1000511,MthTotRet,0.0402306585
1955-07-29,1000511,MthTotRet,0.007444183
1955-08-31,1000511,MthTotRet,0.004281508
1955-09-30,1000511,MthTotRet,-0.019939595
1955-10-31,1000511,MthTotRet,-0.029508679
1955-11-30,1000511,MthTotRet,0.0696583068
1955-12-30,1000511,MthTotRet,0.0070202605
1956-01-31,1000511,MthTotRet,-0.029281599
1956-02-29,1000511,MthTotRet,0.0356484679
1956-03-29,1000511,MthTotRet,0.0577384112
1956-04-30,1000511,MthTotRet,-0.006671559
1956-05-31,1000511,MthTotRet,-0.045339455
1956-06-29,1000511,MthTotRet,0.0250998016
1956-07-31,1000511,MthTotRet,0.0396144377
1956-08-31,1000511,MthTotRet,-0.031742896
1956-09-28,1000511,MthTotRet,-0.043158913
1956-10-31,1000511,MthTotRet,0.0047058444
1956-11-30,1000511,MthTotRet,-0.002675962
1956-12-31,1000511,MthTotRet,0.0261427184
1957-01-31,1000511,MthTotRet,-0.007459187
1957-02-28,1000511,MthTotRet,-0.027027416
1957-03-29,1000511,MthTotRet,0.0255657584
1957-04-30,1000511,MthTotRet,0.0283930258
1957-05-31,1000511,MthTotRet,0.0239248415
1957-06-28,1000511,MthTotRet,-0.007923526
1957-07-31,1000511,MthTotRet,0.0023853383
1957-08-30,1000511,MthTotRet,-0.050731013
1957-09-30,1000511,MthTotRet,-0.049284231
1957-10-31,1000511,MthTotRet,-0.055623563
1957-11-29,1000511,MthTotRet,0.0238728327
1957-12-31,1000511,MthTotRet,-0.04797488
1958-01-31,1000511,MthTotRet,0.1000258946
1958-02-28,1000511,MthTotRet,-0.011404873
1958-03-31,1000511,MthTotRet,0.0390359953
1958-04-30,1000511,MthTotRet,0.0330344157
1958-05-29,1000511,MthTotRet,0.0345116411
1958-06-30,1000511,MthTotRet,0.0277408547
1958-07-31,1000511,MthTotRet,0.0567793138
1958-08-29,1000511,MthTotRet,0.0289901308
1958-09-30,1000511,MthTotRet,0.0537283329
1958-10-31,1000511,MthTotRet,0.0280647873
1958-11-28,1000511,MthTotRet,0.039040945
1958-12-31,1000511,MthTotRet,0.0398772414
1959-01-30,1000511,MthTotRet,0.0333775333
1959-02-27,1000511,MthTotRet,0.0248054635
1959-03-31,1000511,MthTotRet,0.0052537451
1959-04-30,1000511,MthTotRet,0.0284557616
1959-05-29,1000511,MthTotRet,0.0122924232
1959-06-30,1000511,MthTotRet,0.00693927
1959-07-31,1000511,MthTotRet,0.0279577467
1959-08-31,1000511,MthTotRet,-0.014613413
1959-09-30,1000511,MthTotRet,-0.040954106
1959-10-30,1000511,MthTotRet,0.0130113281
1959-11-30,1000511,MthTotRet,0.015519923
1959-12-31,1000511,MthTotRet,0.0175478106
1960-01-29,1000511,MthTotRet,-0.049087459
1960-02-29,1000511,MthTotRet,0.0074784251
1960-03-31,1000511,MthTotRet,-0.025699544
1960-04-29,1000511,MthTotRet,-0.016201999
1960-05-31,1000511,MthTotRet,0.0258420452
1960-06-30,1000511,MthTotRet,0.0201660792
1960-07-29,1000511,MthTotRet,-0.018695036
1960-08-31,1000511,MthTotRet,0.0340332347
1960-09-30,1000511,MthTotRet,-0.060560455
1960-10-31,1000511,MthTotRet,-0.011919138
1960-11-30,1000511,MthTotRet,0.047319493
1960-12-30,1000511,MthTotRet,0.0392342525
1961-01-31,1000511,MthTotRet,0.0780446939
1961-02-28,1000511,MthTotRet,0.0561424966
1961-03-30,1000511,MthTotRet,0.0359266388
1961-04-28,1000511,MthTotRet,0.000776532
1961-05-31,1000511,MthTotRet,0.0431805053
1961-06-30,1000511,MthTotRet,-0.036336395
1961-07-31,1000511,MthTotRet,0.0179955413
1961-08-31,1000511,MthTotRet,0.0280004643
1961-09-29,1000511,MthTotRet,-0.02564031
1961-10-31,1000511,MthTotRet,0.0231388921
1961-11-30,1000511,MthTotRet,0.0411959739
1961-12-29,1000511,MthTotRet,-0.001543517
1962-01-31,1000511,MthTotRet,-0.013178546
1962-02-28,1000511,MthTotRet,0.0147887276
1962-03-30,1000511,MthTotRet,-0.008335052
1962-04-30,1000511,MthTotRet,-0.067311289
1962-05-31,1000511,MthTotRet,-0.08942578
1962-06-29,1000511,MthTotRet,-0.081228858
1962-07-31,1000511,MthTotRet,0.0579164819
1962-08-31,1000511,MthTotRet,0.0218857947
1962-09-28,1000511,MthTotRet,-0.058758461
1962-10-31,1000511,MthTotRet,-0.00930495
1962-11-30,1000511,MthTotRet,0.1328389858
1962-12-31,1000511,MthTotRet,-0.003740516
1963-01-31,1000511,MthTotRet,0.0736140728
1963-02-28,1000511,MthTotRet,-0.013529086
1963-03-29,1000511,MthTotRet,0.0247669401
1963-04-30,1000511,MthTotRet,0.0456005014
1963-05-31,1000511,MthTotRet,0.0325770897
1963-06-28,1000511,MthTotRet,-0.014884819
1963-07-31,1000511,MthTotRet,-0.011361013
1963-08-30,1000511,MthTotRet,0.0578511424
1963-09-30,1000511,MthTotRet,-0.019559582
1963-10-31,1000511,MthTotRet,0.0261627905
1963-11-29,1000511,MthTotRet,-0.004266765
1963-12-31,1000511,MthTotRet,0.0173030212
1964-01-31,1000511,MthTotRet,0.0199398432
1964-02-28,1000511,MthTotRet,0.0279008991
1964-03-31,1000511,MthTotRet,0.032725773
1964-04-30,1000511,MthTotRet,0.0022904089
1964-05-28,1000511,MthTotRet,0.017976633
1964-06-30,1000511,MthTotRet,0.0203675977
1964-07-31,1000511,MthTotRet,0.0244593455
1964-08-31,1000511,MthTotRet,-0.008928697
1964-09-30,1000511,MthTotRet,0.0345431983
1964-10-30,1000511,MthTotRet,0.0164188689
1964-11-30,1000511,MthTotRet,-0.000224316
1964-12-31,1000511,MthTotRet,-0.008076079
1965-01-29,1000511,MthTotRet,0.0569887267
1965-02-26,1000511,MthTotRet,0.025450285
1965-03-31,1000511,MthTotRet,0.0015956394
1965-04-30,1000511,MthTotRet,0.0316376561
1965-05-28,1000511,MthTotRet,-0.006473416
1965-06-30,1000511,MthTotRet,-0.067209627
1965-07-30,1000511,MthTotRet,0.0245946824
1965-08-31,1000511,MthTotRet,0.0421205621
1965-09-30,1000511,MthTotRet,0.0301906866
1965-10-29,1000511,MthTotRet,0.038909333
1965-11-30,1000511,MthTotRet,0.0202707987
1965-12-31,1000511,MthTotRet,0.0280200083
1966-01-31,1000511,MthTotRet,0.0341082251
1966-02-28,1000511,MthTotRet,0.0032735183
1966-03-31,1000511,MthTotRet,-0.02386808
1966-04-29,1000511,MthTotRet,0.0250636236
1966-05-31,1000511,MthTotRet,-0.067404096
1966-06-30,1000511,MthTotRet,-0.010504405
1966-07-29,1000511,MthTotRet,-0.012029783
1966-08-31,1000511,MthTotRet,-0.086738492
1966-09-30,1000511,MthTotRet,-0.013283273
1966-10-31,1000511,MthTotRet,0.0263333588
1966-11-30,1000511,MthTotRet,0.0291484505
1966-12-30,1000511,MthTotRet,0.0118318949
1967-01-31,1000511,MthTotRet,0.1239854951
1967-02-28,1000511,MthTotRet,0.0091481126
1967-03-31,1000511,MthTotRet,0.0505581922
1967-04-28,1000511,MthTotRet,0.0379089876
1967-05-31,1000511,MthTotRet,-0.028347294
1967-06-30,1000511,MthTotRet,0.0366375263
1967-07-31,1000511,MthTotRet,0.067933207
1967-08-31,1000511,MthTotRet,0.0045477142
1967-09-29,1000511,MthTotRet,0.0260637164
1967-10-31,1000511,MthTotRet,-0.049601069
1967-11-30,1000511,MthTotRet,-0.000350791
1967-12-29,1000511,MthTotRet,0.0453758918
1968-01-31,1000511,MthTotRet,-0.011735086
1968-02-29,1000511,MthTotRet,-0.030934625
1968-03-29,1000511,MthTotRet,0.0038254597
1968-04-30,1000511,MthTotRet,0.1031816493
1968-05-31,1000511,MthTotRet,0.0427725653
1968-06-28,1000511,MthTotRet,0.0202112268
1968-07-30,1000511,MthTotRet,-0.024760788
1968-08-30,1000511,MthTotRet,0.0256400186
1968-09-30,1000511,MthTotRet,0.0554017544
1968-10-31,1000511,MthTotRet,0.0132211401
1968-11-29,1000511,MthTotRet,0.0680667443
1968-12-31,1000511,MthTotRet,-0.024707095
1969-01-31,1000511,MthTotRet,-0.004565204
1969-02-28,1000511,MthTotRet,-0.063503516
1969-03-28,1000511,MthTotRet,0.0213722341
1969-04-30,1000511,MthTotRet,0.0117649611
1969-05-29,1000511,MthTotRet,-0.005306439
1969-06-30,1000511,MthTotRet,-0.082491844
1969-07-31,1000511,MthTotRet,-0.069657763
1969-08-29,1000511,MthTotRet,0.0441917697
1969-09-30,1000511,MthTotRet,-0.018317542
1969-10-31,1000511,MthTotRet,0.0641151098
1969-11-28,1000511,MthTotRet,-0.043121035
1969-12-31,1000511,MthTotRet,-0.039930278
1970-01-30,1000511,MthTotRet,-0.058388182
1970-02-27,1000511,MthTotRet,0.0685923617
1970-03-31,1000511,MthTotRet,0.0029369299
1970-04-30,1000511,MthTotRet,-0.109115756
1970-05-29,1000511,MthTotRet,-0.082317119
1970-06-30,1000511,MthTotRet,-0.057403517
1970-07-31,1000511,MthTotRet,0.0819032578
1970-08-31,1000511,MthTotRet,0.0622267567
1970-09-30,1000511,MthTotRet,0.0652503331
1970-10-30,1000511,MthTotRet,-0.032195949
1970-11-30,1000511,MthTotRet,0.0470186293
1970-12-31,1000511,MthTotRet,0.0842423704
1971-01-29,1000511,MthTotRet,0.0839353355
1971-02-26,1000511,MthTotRet,0.0211011917
1971-03-31,1000511,MthTotRet,0.0401000033
1971-04-30,1000511,MthTotRet,0.0413738406
1971-05-28,1000511,MthTotRet,-0.041095363
1971-06-30,1000511,MthTotRet,-0.005734615
1971-07-30,1000511,MthTotRet,-0.042480592
1971-08-31,1000511,MthTotRet,0.0525728065
1971-09-30,1000511,MthTotRet,-0.014161999
1971-10-29,1000511,MthTotRet,-0.05498113
1971-11-30,1000511,MthTotRet,-0.017273034
1971-12-31,1000511,MthTotRet,0.1090280059
1972-01-31,1000511,MthTotRet,0.0379289905
1972-02-29,1000511,MthTotRet,0.0278521599
1972-03-30,1000511,MthTotRet,0.0012806482
1972-04-28,1000511,MthTotRet,0.0046698163
1972-05-31,1000511,MthTotRet,0.0009452303
1972-06-30,1000511,MthTotRet,-0.03101986
1972-07-31,1000511,MthTotRet,-0.020225787
1972-08-31,1000511,MthTotRet,0.0410051084
1972-09-29,1000511,MthTotRet,-0.021764511
1972-10-31,1000511,MthTotRet,0.0031606505
1972-11-30,1000511,MthTotRet,0.0730142378
1972-12-29,1000511,MthTotRet,-0.011839413
1973-01-31,1000511,MthTotRet,-0.049043463
1973-02-28,1000511,MthTotRet,-0.048057388
1973-03-30,1000511,MthTotRet,-0.014150979
1973-04-30,1000511,MthTotRet,-0.048871597
1973-05-31,1000511,MthTotRet,-0.048185232
1973-06-29,1000511,MthTotRet,-0.026551389
1973-07-31,1000511,MthTotRet,0.0742056295
1973-08-31,1000511,MthTotRet,-0.01986708
1973-09-28,1000511,MthTotRet,0.0951021515
1973-10-31,1000511,MthTotRet,0.0003704318
1973-11-30,1000511,MthTotRet,-0.149389003
1973-12-31,1000511,MthTotRet,0.0102118932
1974-01-31,1000511,MthTotRet,0.0705942025
1974-02-28,1000511,MthTotRet,0.015289351
1974-03-29,1000511,MthTotRet,-0.020738627
1974-04-30,1000511,MthTotRet,-0.054266008
1974-05-31,1000511,MthTotRet,-0.06189505
1974-06-28,1000511,MthTotRet,-0.028207065
1974-07-31,1000511,MthTotRet,-0.04801812
1974-08-30,1000511,MthTotRet,-0.088520528
1974-09-30,1000511,MthTotRet,-0.08058214
1974-10-31,1000511,MthTotRet,0.1350751843
1974-11-29,1000511,MthTotRet,-0.04036615
1974-12-31,1000511,MthTotRet,-0.034578226
1975-01-31,1000511,MthTotRet,0.2312953358
1975-02-28,1000511,MthTotRet,0.0461680345
1975-03-31,1000511,MthTotRet,0.0687406116
1975-04-30,1000511,MthTotRet,0.0430864143
1975-05-30,1000511,MthTotRet,0.0590381061
1975-06-30,1000511,MthTotRet,0.0641747913
1975-07-31,1000511,MthTotRet,-0.054769336
1975-08-29,1000511,MthTotRet,-0.027984691
1975-09-30,1000511,MthTotRet,-0.035547595
1975-10-31,1000511,MthTotRet,0.0479032
1975-11-28,1000511,MthTotRet,0.0352850165
1975-12-31,1000511,MthTotRet,-0.002168613
1976-01-30,1000511,MthTotRet,0.1598174315
1976-02-27,1000511,MthTotRet,0.0357112559
1976-03-31,1000511,MthTotRet,0.0188659539
1976-04-30,1000511,MthTotRet,-0.008644191
1976-05-28,1000511,MthTotRet,-0.016453901
1976-06-30,1000511,MthTotRet,0.0540920843
1976-07-30,1000511,MthTotRet,-0.005090212
1976-08-31,1000511,MthTotRet,-0.01046566
1976-09-30,1000511,MthTotRet,0.0197695319
1976-10-29,1000511,MthTotRet,-0.024109309
1976-11-30,1000511,MthTotRet,0.0229763225
1976-12-31,1000511,MthTotRet,0.0747883196
1977-01-31,1000511,MthTotRet,-0.03410292
1977-02-28,1000511,MthTotRet,-0.018894294
1977-03-31,1000511,MthTotRet,0.0008929107
1977-04-29,1000511,MthTotRet,0.0082448098
1977-05-31,1000511,MthTotRet,-0.014015927
1977-06-30,1000511,MthTotRet,0.0530536577
1977-07-29,1000511,MthTotRet,-0.017614172
1977-08-31,1000511,MthTotRet,-0.014606484
1977-09-30,1000511,MthTotRet,-0.001939857
1977-10-31,1000511,MthTotRet,-0.037299452
1977-11-30,1000511,MthTotRet,0.0627221191
1977-12-30,1000511,MthTotRet,0.0013220648
1978-01-31,1000511,MthTotRet,-0.052202557
1978-02-28,1000511,MthTotRet,-0.010106147
1978-03-31,1000511,MthTotRet,0.0530170267
1978-04-28,1000511,MthTotRet,0.0840376092
1978-05-31,1000511,MthTotRet,0.0337896392
1978-06-30,1000511,MthTotRet,-0.01213792
1978-07-31,1000511,MthTotRet,0.0613252388
1978-08-31,1000511,MthTotRet,0.0505384432
1978-09-29,1000511,MthTotRet,-0.008444896
1978-10-31,1000511,MthTotRet,-0.133471631
1978-11-30,1000511,MthTotRet,0.0284950078
1978-12-29,1000511,MthTotRet,0.0088899427
1979-01-31,1000511,MthTotRet,0.0686492874
1979-02-28,1000511,MthTotRet,-0.030551734
1979-03-30,1000511,MthTotRet,0.072929821
1979-04-30,1000511,MthTotRet,0.0107326403
1979-05-31,1000511,MthTotRet,-0.013328791
1979-06-29,1000511,MthTotRet,0.0517717676
1979-07-31,1000511,MthTotRet,0.0265226944
1979-08-31,1000511,MthTotRet,0.0718965677
1979-09-28,1000511,MthTotRet,-0.00096386
1979-10-31,1000511,MthTotRet,-0.091401854
1979-11-30,1000511,MthTotRet,0.0658072965
1979-12-31,1000511,MthTotRet,0.0403372567
1980-01-31,1000511,MthTotRet,0.0584988046
1980-02-29,1000511,MthTotRet,-0.03167877
1980-03-31,1000511,MthTotRet,-0.105716155
1980-04-30,1000511,MthTotRet,0.0457817271
1980-05-30,1000511,MthTotRet,0.0813961213
1980-06-30,1000511,MthTotRet,0.0325323535
1980-07-31,1000511,MthTotRet,0.0916362423
1980-08-29,1000511,MthTotRet,0.0267973444
1980-09-30,1000511,MthTotRet,0.0286000507
1980-10-31,1000511,MthTotRet,0.0088141672
1980-11-28,1000511,MthTotRet,0.0640763433
1980-12-31,1000511,MthTotRet,-0.011228482
1981-01-30,1000511,MthTotRet,-0.011364055
1981-02-27,1000511,MthTotRet,0.0278591489
1981-03-31,1000511,MthTotRet,0.0820339347
1981-04-30,1000511,MthTotRet,0.0006520804
1981-05-29,1000511,MthTotRet,0.0167655613
1981-06-30,1000511,MthTotRet,-0.008039687
1981-07-31,1000511,MthTotRet,-0.017765315
1981-08-31,1000511,MthTotRet,-0.062594108
1981-09-30,1000511,MthTotRet,-0.051956238
1981-10-30,1000511,MthTotRet,0.0583319651
1981-11-30,1000511,MthTotRet,0.0423383341
1981-12-31,1000511,MthTotRet,-0.019629422
1982-01-29,1000511,MthTotRet,-0.019404322
1982-02-26,1000511,MthTotRet,-0.036621792
1982-03-31,1000511,MthTotRet,-0.00379678
1982-04-30,1000511,MthTotRet,0.047458167
1982-05-28,1000511,MthTotRet,-0.04397152
1982-06-30,1000511,MthTotRet,-0.008091062
1982-07-30,1000511,MthTotRet,-0.01522487
1982-08-31,1000511,MthTotRet,0.1295143182
1982-09-30,1000511,MthTotRet,0.0166068263
1982-10-29,1000511,MthTotRet,0.1432951392
1982-11-30,1000511,MthTotRet,0.0596378158
1982-12-31,1000511,MthTotRet,0.0152904874
1983-01-31,1000511,MthTotRet,0.0352751587
1983-02-28,1000511,MthTotRet,0.0411622129
1983-03-31,1000511,MthTotRet,0.0514048623
1983-04-29,1000511,MthTotRet,0.0687307058
1983-05-31,1000511,MthTotRet,0.0257882511
1983-06-30,1000511,MthTotRet,0.0316327901
1983-07-29,1000511,MthTotRet,-0.026555908
1983-08-31,1000511,MthTotRet,0.0047418278
1983-09-30,1000511,MthTotRet,0.025777086
1983-10-31,1000511,MthTotRet,-0.018896567
1983-11-30,1000511,MthTotRet,0.0471694394
1983-12-30,1000511,MthTotRet,-0.009148993
1984-01-31,1000511,MthTotRet,-0.013908063
1984-02-29,1000511,MthTotRet,-0.047426722
1984-03-30,1000511,MthTotRet,0.0226237647
1984-04-30,1000511,MthTotRet,-0.008450505
1984-05-31,1000511,MthTotRet,-0.059061084
1984-06-29,1000511,MthTotRet,0.0314753619
1984-07-31,1000511,MthTotRet,-0.029454749
1984-08-31,1000511,MthTotRet,0.1278570861
1984-09-28,1000511,MthTotRet,0.003578341
1984-10-31,1000511,MthTotRet,0.0000526197
1984-11-30,1000511,MthTotRet,-0.003237395
1984-12-31,1000511,MthTotRet,0.0244467816
1985-01-31,1000511,MthTotRet,0.094629253
1985-02-28,1000511,MthTotRet,0.009747631
1985-03-29,1000511,MthTotRet,-0.003593388
1985-04-30,1000511,MthTotRet,-0.012528199
1985-05-31,1000511,MthTotRet,0.0665469607
1985-06-28,1000511,MthTotRet,0.0142966128
1985-07-31,1000511,MthTotRet,0.0093233847
1985-08-30,1000511,MthTotRet,-0.008621254
1985-09-30,1000511,MthTotRet,-0.045047264
1985-10-31,1000511,MthTotRet,0.0413534041
1985-11-29,1000511,MthTotRet,0.0736371228
1985-12-31,1000511,MthTotRet,0.0433275791
1986-01-31,1000511,MthTotRet,0.0160840491
1986-02-28,1000511,MthTotRet,0.0806441443
1986-03-31,1000511,MthTotRet,0.0603934948
1986-04-30,1000511,MthTotRet,-0.020159819
1986-05-30,1000511,MthTotRet,0.056360323
1986-06-30,1000511,MthTotRet,0.0018835533
1986-07-31,1000511,MthTotRet,-0.075894656
1986-08-29,1000511,MthTotRet,0.0775493562
1986-09-30,1000511,MthTotRet,-0.071357341
1986-10-31,1000511,MthTotRet,0.0623461178
1986-11-28,1000511,MthTotRet,0.0222775758
1986-12-31,1000511,MthTotRet,-0.032672541
1987-01-30,1000511,MthTotRet,0.1410133346
1987-02-27,1000511,MthTotRet,0.0587228283
1987-03-31,1000511,MthTotRet,0.0193259965
1987-04-30,1000511,MthTotRet,-0.012826061
1987-05-29,1000511,MthTotRet,0.0128932532
1987-06-30,1000511,MthTotRet,0.043887508
1987-07-31,1000511,MthTotRet,0.0648258969
1987-08-31,1000511,MthTotRet,0.029189323
1987-09-30,1000511,MthTotRet,-0.016531495
1987-10-30,1000511,MthTotRet,-0.256292821
1987-11-30,1000511,MthTotRet,-0.062283344
1987-12-31,1000511,MthTotRet,0.0929114123
1988-01-29,1000511,MthTotRet,0.050074583
1988-02-29,1000511,MthTotRet,0.0739113219
1988-03-31,1000511,MthTotRet,-0.007723075
1988-04-29,1000511,MthTotRet,0.0026356241
1988-05-31,1000511,MthTotRet,0.0043513564
1988-06-30,1000511,MthTotRet,0.0597339726
1988-07-29,1000511,MthTotRet,-0.010680787
1988-08-31,1000511,MthTotRet,-0.033351283
1988-09-30,1000511,MthTotRet,0.0416655739
1988-10-31,1000511,MthTotRet,0.0137772774
1988-11-30,1000511,MthTotRet,-0.022785005
1988-12-30,1000511,MthTotRet,0.0275476461
1989-01-31,1000511,MthTotRet,0.0712776143
1989-02-28,1000511,MthTotRet,-0.011100115
1989-03-31,1000511,MthTotRet,0.0206016738
1989-04-28,1000511,MthTotRet,0.049265013
1989-05-31,1000511,MthTotRet,0.0472550755
1989-06-30,1000511,MthTotRet,-0.006741953
1989-07-31,1000511,MthTotRet,0.0823366839
1989-08-31,1000511,MthTotRet,0.0260066282
1989-09-29,1000511,MthTotRet,-0.015976469
1989-10-31,1000511,MthTotRet,-0.046586661
1989-11-30,1000511,MthTotRet,0.0122905638
1989-12-29,1000511,MthTotRet,0.0151375606
1990-01-31,1000511,MthTotRet,-0.073185221
1990-02-28,1000511,MthTotRet,0.0140218915
1990-03-30,1000511,MthTotRet,0.0315839383
1990-04-30,1000511,MthTotRet,-0.040596257
1990-05-31,1000511,MthTotRet,0.0962570988
1990-06-29,1000511,MthTotRet,-0.014635264
1990-07-31,1000511,MthTotRet,-0.024604986
1990-08-31,1000511,MthTotRet,-0.112708825
1990-09-28,1000511,MthTotRet,-0.075273498
1990-10-31,1000511,MthTotRet,-0.036430848
1990-11-30,1000511,MthTotRet,0.0921152294
1990-12-31,1000511,MthTotRet,0.0397687712
1991-01-31,1000511,MthTotRet,0.0812248706
1991-02-28,1000511,MthTotRet,0.0842627546
1991-03-28,1000511,MthTotRet,0.0308526334
1991-04-30,1000511,MthTotRet,0.0028449052
1991-05-31,1000511,MthTotRet,0.054408122
1991-06-28,1000511,MthTotRet,-0.049742804
1991-07-31,1000511,MthTotRet,0.041944189
1991-08-30,1000511,MthTotRet,0.0226332786
1991-09-30,1000511,MthTotRet,-0.019407064
1991-10-31,1000511,MthTotRet,0.0107904895
1991-11-29,1000511,MthTotRet,-0.051015587
1991-12-31,1000511,MthTotRet,0.1136193009
1992-01-31,1000511,MthTotRet,0.0182611241
1992-02-28,1000511,MthTotRet,0.0297863763
1992-03-31,1000511,MthTotRet,-0.02026397
1992-04-30,1000511,MthTotRet,0.0167291635
1992-05-29,1000511,MthTotRet,0.0019303379
1992-06-30,1000511,MthTotRet,-0.020451203
1992-07-31,1000511,MthTotRet,0.0412233936
1992-08-31,1000511,MthTotRet,-0.028940034
1992-09-30,1000511,MthTotRet,0.0189906367
1992-10-30,1000511,MthTotRet,0.0202536011
1992-11-30,1000511,MthTotRet,0.0442290902
1992-12-31,1000511,MthTotRet,0.0225316201
1993-01-29,1000511,MthTotRet,0.0227057584
1993-02-26,1000511,MthTotRet,0.0108864984
1993-03-31,1000511,MthTotRet,0.0276893144
1993-04-30,1000511,MthTotRet,-0.021945076
1993-05-28,1000511,MthTotRet,0.0316295793
1993-06-30,1000511,MthTotRet,0.0034771861
1993-07-30,1000511,MthTotRet,-0.001189633
1993-08-31,1000511,MthTotRet,0.0400223949
1993-09-30,1000511,MthTotRet,-0.006368128
1993-10-29,1000511,MthTotRet,0.020101066
1993-11-30,1000511,MthTotRet,-0.008522401
1993-12-31,1000511,MthTotRet,0.0228838608
1994-01-31,1000511,MthTotRet,0.0381176718
1994-02-28,1000511,MthTotRet,-0.017379326
1994-03-31,1000511,MthTotRet,-0.043414002
1994-04-29,1000511,MthTotRet,0.0042818452
1994-05-31,1000511,MthTotRet,0.012087256
1994-06-30,1000511,MthTotRet,-0.021864802
1994-07-29,1000511,MthTotRet,0.0339328807
1994-08-31,1000511,MthTotRet,0.0522318751
1994-09-30,1000511,MthTotRet,-0.026641319
1994-10-31,1000511,MthTotRet,0.0122702514
1994-11-30,1000511,MthTotRet,-0.043414517
1994-12-30,1000511,MthTotRet,0.0161581345
1995-01-31,1000511,MthTotRet,0.0211542327
1995-02-28,1000511,MthTotRet,0.0440198989
1995-03-31,1000511,MthTotRet,0.0291913998
1995-04-28,1000511,MthTotRet,0.023978403
1995-05-31,1000511,MthTotRet,0.0350224824
1995-06-30,1000511,MthTotRet,0.0258034095
1995-07-31,1000511,MthTotRet,0.03375665
1995-08-31,1000511,MthTotRet,0.0074755836
1995-09-29,1000511,MthTotRet,0.0245685101
1995-10-31,1000511,MthTotRet,-0.024562686
1995-11-30,1000511,MthTotRet,0.0512532024
1995-12-29,1000511,MthTotRet,0.0141442063
1996-01-31,1000511,MthTotRet,0.0309357463
1996-02-29,1000511,MthTotRet,0.0129874643
1996-03-29,1000511,MthTotRet,0.0192745398
1996-04-30,1000511,MthTotRet,0.0280223211
1996-05-31,1000511,MthTotRet,0.013496627
1996-06-28,1000511,MthTotRet,-0.009330785
1996-07-31,1000511,MthTotRet,-0.05708256
1996-08-30,1000511,MthTotRet,0.0328938595
1996-09-30,1000511,MthTotRet,0.0496359779
1996-10-31,1000511,MthTotRet,0.0136052109
1996-11-29,1000511,MthTotRet,0.0701007064
1996-12-31,1000511,MthTotRet,-0.016865401
1997-01-31,1000511,MthTotRet,0.0399385983
1997-02-28,1000511,MthTotRet,0.0134569089
1997-03-31,1000511,MthTotRet,-0.035142541
1997-04-30,1000511,MthTotRet,0.0321967502
1997-05-30,1000511,MthTotRet,0.0735840793
1997-06-30,1000511,MthTotRet,0.038354349
1997-07-31,1000511,MthTotRet,0.078985149
1997-08-29,1000511,MthTotRet,-0.028208463
1997-09-30,1000511,MthTotRet,0.0520564554
1997-10-31,1000511,MthTotRet,-0.043725688
1997-11-28,1000511,MthTotRet,0.0304660048
1997-12-31,1000511,MthTotRet,0.0135635234
1998-01-30,1000511,MthTotRet,-0.002577926
1998-02-27,1000511,MthTotRet,0.0788199994
1998-03-31,1000511,MthTotRet,0.0501792433
1998-04-30,1000511,MthTotRet,0.0044461345
1998-05-29,1000511,MthTotRet,-0.025154494
1998-06-30,1000511,MthTotRet,0.010560295
1998-07-31,1000511,MthTotRet,-0.04488182
1998-08-31,1000511,MthTotRet,-0.14918532
1998-09-30,1000511,MthTotRet,0.0598830231
1998-10-30,1000511,MthTotRet,0.090118749
1998-11-30,1000511,MthTotRet,0.050088796
1998-12-31,1000511,MthTotRet,0.0272239682
1999-01-29,1000511,MthTotRet,0.0107330049
1999-02-26,1000511,MthTotRet,-0.019370959
1999-03-31,1000511,MthTotRet,0.0218990655
1999-04-30,1000511,MthTotRet,0.0973983865
1999-05-28,1000511,MthTotRet,-0.001357476
1999-06-30,1000511,MthTotRet,0.0386828167
1999-07-30,1000511,MthTotRet,-0.034691482
1999-08-31,1000511,MthTotRet,-0.022213972
1999-09-30,1000511,MthTotRet,-0.0395952
1999-10-29,1000511,MthTotRet,0.0294098463
1999-11-30,1000511,MthTotRet,-0.002241432
1999-12-31,1000511,MthTotRet,0.0410474176
2000-01-31,1000511,MthTotRet,-0.05870194
2000-02-29,1000511,MthTotRet,-0.0450994
2000-03-31,1000511,MthTotRet,0.1097484254
2000-04-28,1000511,MthTotRet,0.0082487127
2000-05-31,1000511,MthTotRet,0.0163689667
2000-06-30,1000511,MthTotRet,-0.023379729
2000-07-31,1000511,MthTotRet,0.0036205792
2000-08-31,1000511,MthTotRet,0.0735092311
2000-09-29,1000511,MthTotRet,-0.013813118
2000-10-31,1000511,MthTotRet,0.0205428112
2000-11-30,1000511,MthTotRet,-0.047101679
2000-12-29,1000511,MthTotRet,0.0700413929
2001-01-31,1000511,MthTotRet,0.0526581388
2001-02-28,1000511,MthTotRet,-0.044689141
2001-03-30,1000511,MthTotRet,-0.05012552
2001-04-30,1000511,MthTotRet,0.0844201764
2001-05-31,1000511,MthTotRet,0.0174793908
2001-06-29,1000511,MthTotRet,-0.016133132
2001-07-31,1000511,MthTotRet,-0.009159932
2001-08-31,1000511,MthTotRet,-0.04374758
2001-09-28,1000511,MthTotRet,-0.125203037
2001-10-31,1000511,MthTotRet,0.0417485154
2001-11-30,1000511,MthTotRet,0.0999587356
2001-12-31,1000511,MthTotRet,0.0300463106
2002-01-31,1000511,MthTotRet,-0.003591743
2002-02-28,1000511,MthTotRet,-0.010968042
2002-03-28,1000511,MthTotRet,0.0673648069
2002-04-30,1000511,MthTotRet,-0.036341883
2002-05-31,1000511,MthTotRet,-0.015039597
2002-06-28,1000511,MthTotRet,-0.081656316
2002-07-31,1000511,MthTotRet,-0.109378983
2002-08-30,1000511,MthTotRet,0.0102930818
2002-09-30,1000511,MthTotRet,-0.114942008
2002-10-31,1000511,MthTotRet,0.0730631854
2002-11-29,1000511,MthTotRet,0.1104542624
2002-12-31,1000511,MthTotRet,-0.051487057
2003-01-31,1000511,MthTotRet,-0.025524931
2003-02-28,1000511,MthTotRet,-0.022571201
2003-03-31,1000511,MthTotRet,0.0048919317
2003-04-30,1000511,MthTotRet,0.1035717289
2003-05-30,1000511,MthTotRet,0.0960732606
2003-06-30,1000511,MthTotRet,0.0076485073
2003-07-31,1000511,MthTotRet,0.0284087751
2003-08-29,1000511,MthTotRet,0.0442271486
2003-09-30,1000511,MthTotRet,-0.016480254
2003-10-31,1000511,MthTotRet,0.0709880499
2003-11-28,1000511,MthTotRet,0.021135952
2003-12-31,1000511,MthTotRet,0.0531660691
2004-01-30,1000511,MthTotRet,0.0242114859
2004-02-27,1000511,MthTotRet,0.0207993909
2004-03-31,1000511,MthTotRet,-0.00598324
2004-04-30,1000511,MthTotRet,-0.024454646
2004-05-28,1000511,MthTotRet,0.0196206398
2004-06-30,1000511,MthTotRet,0.0303195166
2004-07-30,1000511,MthTotRet,-0.043219747
2004-08-31,1000511,MthTotRet,-0.003035483
2004-09-30,1000511,MthTotRet,0.0276127781
2004-10-29,1000511,MthTotRet,0.0243944009
2004-11-30,1000511,MthTotRet,0.0587401727
2004-12-31,1000511,MthTotRet,0.0375479811
2005-01-31,1000511,MthTotRet,-0.029473205
2005-02-28,1000511,MthTotRet,0.0203265236
2005-03-31,1000511,MthTotRet,-0.01394766
2005-04-29,1000511,MthTotRet,-0.030961303
2005-05-31,1000511,MthTotRet,0.0485633941
2005-06-30,1000511,MthTotRet,0.0144993847
2005-07-29,1000511,MthTotRet,0.0514672146
2005-08-31,1000511,MthTotRet,-0.011316097
2005-09-30,1000511,MthTotRet,0.0082809945
2005-10-31,1000511,MthTotRet,-0.023615144
2005-11-30,1000511,MthTotRet,0.0433993521
2005-12-30,1000511,MthTotRet,0.0079744654
2006-01-31,1000511,MthTotRet,0.0410604234
2006-02-28,1000511,MthTotRet,0.0029209301
2006-03-31,1000511,MthTotRet,0.017831564
2006-04-28,1000511,MthTotRet,0.0106358808
2006-05-31,1000511,MthTotRet,-0.028645598
2006-06-30,1000511,MthTotRet,-0.00191899
2006-07-31,1000511,MthTotRet,-0.014471512
2006-08-31,1000511,MthTotRet,0.0312483003
2006-09-29,1000511,MthTotRet,0.0263544078
2006-10-31,1000511,MthTotRet,0.0365031575
2006-11-30,1000511,MthTotRet,0.0251443013
2006-12-29,1000511,MthTotRet,0.0079436273
2007-01-31,1000511,MthTotRet,0.0239238255
2007-02-28,1000511,MthTotRet,-0.003252193
2007-03-30,1000511,MthTotRet,0.0076827057
2007-04-30,1000511,MthTotRet,0.0432073027
2007-05-31,1000511,MthTotRet,0.0323997067
2007-06-29,1000511,MthTotRet,-0.018535782
2007-07-31,1000511,MthTotRet,-0.043858104
2007-08-31,1000511,MthTotRet,0.0005351245
2007-09-28,1000511,MthTotRet,0.0245281518
2007-10-31,1000511,MthTotRet,0.0126696063
2007-11-30,1000511,MthTotRet,-0.049866921
2007-12-31,1000511,MthTotRet,-0.017514272
2008-01-31,1000511,MthTotRet,-0.044017445
2008-02-29,1000511,MthTotRet,-0.029500725
2008-03-31,1000511,MthTotRet,-0.013228745
2008-04-30,1000511,MthTotRet,0.0524093879
2008-05-30,1000511,MthTotRet,0.0256767523
2008-06-30,1000511,MthTotRet,-0.102008407
2008-07-31,1000511,MthTotRet,-0.004136099
2008-08-29,1000511,MthTotRet,0.0285609418
2008-09-30,1000511,MthTotRet,-0.105572677
2008-10-31,1000511,MthTotRet,-0.209466383
2008-11-28,1000511,MthTotRet,-0.107258277
2008-12-31,1000511,MthTotRet,0.0431150344
2009-01-30,1000511,MthTotRet,-0.077568843
2009-02-27,1000511,MthTotRet,-0.11706402
2009-03-31,1000511,MthTotRet,0.1105964612
2009-04-30,1000511,MthTotRet,0.1850361402
2009-05-29,1000511,MthTotRet,0.0624866315
2009-06-30,1000511,MthTotRet,-0.004083211
2009-07-31,1000511,MthTotRet,0.0931202865
2009-08-31,1000511,MthTotRet,0.0579839792
2009-09-30,1000511,MthTotRet,0.0533852452
2009-10-30,1000511,MthTotRet,-0.034111769
2009-11-30,1000511,MthTotRet,0.0538961618
2009-12-31,1000511,MthTotRet,0.0480087794
2010-01-29,1000511,MthTotRet,-0.031059376
2010-02-26,1000511,MthTotRet,0.0434022009
2010-03-31,1000511,MthTotRet,0.0713332053
2010-04-30,1000511,MthTotRet,0.0281088363
2010-05-28,1000511,MthTotRet,-0.073485806
2010-06-30,1000511,MthTotRet,-0.061794313
2010-07-30,1000511,MthTotRet,0.0735693073
2010-08-31,1000511,MthTotRet,-0.04833089
2010-09-30,1000511,MthTotRet,0.1043073509
2010-10-29,1000511,MthTotRet,0.0359456511
2010-11-30,1000511,MthTotRet,0.0081355714
2010-12-31,1000511,MthTotRet,0.0730836289
2011-01-31,1000511,MthTotRet,0.0219186358
2011-02-28,1000511,MthTotRet,0.0409569076
2011-03-31,1000511,MthTotRet,0.0090057082
2011-04-29,1000511,MthTotRet,0.0319234257
2011-05-31,1000511,MthTotRet,-0.00557883
2011-06-30,1000511,MthTotRet,-0.018769245
2011-07-29,1000511,MthTotRet,-0.035385022
2011-08-31,1000511,MthTotRet,-0.063472005
2011-09-30,1000511,MthTotRet,-0.090251743
2011-10-31,1000511,MthTotRet,0.1341916154
2011-11-30,1000511,MthTotRet,-0.006204639
2011-12-30,1000511,MthTotRet,0.0011844711
2012-01-31,1000511,MthTotRet,0.0564688951
2012-02-29,1000511,MthTotRet,0.0419654156
2012-03-30,1000511,MthTotRet,0.023118197
2012-04-30,1000511,MthTotRet,-0.007799425
2012-05-31,1000511,MthTotRet,-0.0711594
2012-06-29,1000511,MthTotRet,0.0383285726
2012-07-31,1000511,MthTotRet,0.0021334135
2012-08-31,1000511,MthTotRet,0.0307900242
2012-09-28,1000511,MthTotRet,0.024078476
2012-10-31,1000511,MthTotRet,-0.006949503
2012-11-30,1000511,MthTotRet,0.0136400604
2012-12-31,1000511,MthTotRet,0.0243105089
2013-01-31,1000511,MthTotRet,0.0656386829
2013-02-28,1000511,MthTotRet,0.0120074751
2013-03-28,1000511,MthTotRet,0.0429248789
2013-04-30,1000511,MthTotRet,0.0157370644
2013-05-31,1000511,MthTotRet,0.0291118396
2013-06-28,1000511,MthTotRet,-0.010452776
2013-07-31,1000511,MthTotRet,0.0552320092
2013-08-30,1000511,MthTotRet,-0.027829043
2013-09-30,1000511,MthTotRet,0.0404072036
2013-10-31,1000511,MthTotRet,0.0427979783
2013-11-29,1000511,MthTotRet,0.0236665598
2013-12-31,1000511,MthTotRet,0.0291070088
2014-01-31,1000511,MthTotRet,-0.029442908
2014-02-28,1000511,MthTotRet,0.0539176962
2014-03-31,1000511,MthTotRet,0.0073693673
2014-04-30,1000511,MthTotRet,0.0031684025
2014-05-30,1000511,MthTotRet,0.0228830814
2014-06-30,1000511,MthTotRet,0.0286432533
2014-07-31,1000511,MthTotRet,-0.021818629
2014-08-29,1000511,MthTotRet,0.0424749064
2014-09-30,1000511,MthTotRet,-0.0255052
2014-10-31,1000511,MthTotRet,0.0298744627
2014-11-28,1000511,MthTotRet,0.0241036516
2014-12-31,1000511,MthTotRet,0.0034893928
2015-01-30,1000511,MthTotRet,-0.02832804
2015-02-27,1000511,MthTotRet,0.0585766892
2015-03-31,1000511,MthTotRet,-0.009421915
2015-04-30,1000511,MthTotRet,0.004299574
2015-05-29,1000511,MthTotRet,0.0087561723
2015-06-30,1000511,MthTotRet,-0.021921965
2015-07-31,1000511,MthTotRet,0.0077943492
2015-08-31,1000511,MthTotRet,-0.054014016
2015-09-30,1000511,MthTotRet,-0.033561122
2015-10-30,1000511,MthTotRet,0.0739939224
2015-11-30,1000511,MthTotRet,0.0024164207
2015-12-31,1000511,MthTotRet,-0.025168061
2016-01-29,1000511,MthTotRet,-0.056126506
2016-02-29,1000511,MthTotRet,0.0122228224
2016-03-31,1000511,MthTotRet,0.081831023
2016-04-29,1000511,MthTotRet,0.0128994417
2016-05-31,1000511,MthTotRet,0.0142746134
2016-06-30,1000511,MthTotRet,-0.00008602
2016-07-29,1000511,MthTotRet,0.0434656116
2016-08-31,1000511,MthTotRet,0.002248903
2016-09-30,1000511,MthTotRet,0.000518073
2016-10-31,1000511,MthTotRet,-0.024238996
2016-11-30,1000511,MthTotRet,0.0518610129
2016-12-30,1000511,MthTotRet,0.0105712308
2017-01-31,1000511,MthTotRet,0.0210476903
2017-02-28,1000511,MthTotRet,0.0314885535
2017-03-31,1000511,MthTotRet,-0.001259481
2017-04-28,1000511,MthTotRet,0.0064354146
2017-05-31,1000511,MthTotRet,0.0044707965
2017-06-30,1000511,MthTotRet,0.0135976866
2017-07-31,1000511,MthTotRet,0.0159955108
2017-08-31,1000511,MthTotRet,-0.010323937
2017-09-29,1000511,MthTotRet,0.0295961094
2017-10-31,1000511,MthTotRet,0.0103019109
2017-11-30,1000511,MthTotRet,0.0387857884
2017-12-29,1000511,MthTotRet,0.0131015223
2018-01-31,1000511,MthTotRet,0.0447804004
2018-02-28,1000511,MthTotRet,-0.043354875
2018-03-29,1000511,MthTotRet,-0.009534282
2018-04-30,1000511,MthTotRet,0.0038871812
2018-05-31,1000511,MthTotRet,0.0149361767
2018-06-29,1000511,MthTotRet,0.0108431418
2018-07-31,1000511,MthTotRet,0.0323300353
2018-08-31,1000511,MthTotRet,0.019756215
2018-09-28,1000511,MthTotRet,0.0014822361
2018-10-31,1000511,MthTotRet,-0.071397979
2018-11-30,1000511,MthTotRet,0.0275177317
2018-12-31,1000511,MthTotRet,-0.100586509
2019-01-31,1000511,MthTotRet,0.0999792733
2019-02-28,1000511,MthTotRet,0.0364755374
2019-03-29,1000511,MthTotRet,0.0091313856
2019-04-30,1000511,MthTotRet,0.0367825873
2019-05-31,1000511,MthTotRet,-0.068450533
2019-06-28,1000511,MthTotRet,0.0761756248
2019-07-31,1000511,MthTotRet,0.0086277075
2019-08-30,1000511,MthTotRet,-0.031631348
2019-09-30,1000511,MthTotRet,0.0335160773
2019-10-31,1000511,MthTotRet,0.0129030707
2019-11-29,1000511,MthTotRet,0.0342990625
2019-12-31,1000511,MthTotRet,0.0288857269
2020-01-31,1000511,MthTotRet,-0.018023862
2020-02-28,1000511,MthTotRet,-0.090755663
2020-03-31,1000511,MthTotRet,-0.18849736
2020-04-30,1000511,MthTotRet,0.1472773767
2020-05-29,1000511,MthTotRet,0.0480927697
2020-06-30,1000511,MthTotRet,0.0142604787
2020-07-31,1000511,MthTotRet,0.0469275351
2020-08-31,1000511,MthTotRet,0.0453567144
2020-09-30,1000511,MthTotRet,-0.025426981
2020-10-30,1000511,MthTotRet,-0.006134688
2020-11-30,1000511,MthTotRet,0.1466943019
2020-12-31,1000511,MthTotRet,0.0418944459
2021-01-29,1000511,MthTotRet,-0.006462919
2021-02-26,1000511,MthTotRet,0.063454783
2021-03-31,1000511,MthTotRet,0.0572597523
2021-04-30,1000511,MthTotRet,0.0472904294
2021-05-28,1000511,MthTotRet,0.0193860653
2021-06-30,1000511,MthTotRet,0.0015228406
2021-07-30,1000511,MthTotRet,0.0113585384
2021-08-31,1000511,MthTotRet,0.0233328964
2021-09-30,1000511,MthTotRet,-0.037593945
2021-10-29,1000511,MthTotRet,0.052817388
2021-11-30,1000511,MthTotRet,-0.025722764
2021-12-31,1000511,MthTotRet,0.0640463773
2022-01-31,1000511,MthTotRet,-0.042680219
2022-02-28,1000511,MthTotRet,-0.010438075
2022-03-31,1000511,MthTotRet,0.027023601
2022-04-29,1000511,MthTotRet,-0.063210785
2022-05-31,1000511,MthTotRet,0.0099820958
2022-06-30,1000511,MthTotRet,-0.093609612
2022-07-29,1000511,MthTotRet,0.0879372399
2022-08-31,1000511,MthTotRet,-0.033775943
2022-09-30,1000511,MthTotRet,-0.093456913
2022-10-31,1000511,MthTotRet,0.0964863188
2022-11-30,1000511,MthTotRet,0.069063878
2022-12-30,1000511,MthTotRet,-0.048514893
2023-01-31,1000511,MthTotRet,0.0756271838
2023-02-28,1000511,MthTotRet,-0.033448852
2023-03-31,1000511,MthTotRet,-0.003573016
2023-04-28,1000511,MthTotRet,0.0021162383
2023-05-31,1000511,MthTotRet,-0.037746017
2023-06-30,1000511,MthTotRet,0.0783252114
2023-07-31,1000511,MthTotRet,0.035298
2023-08-31,1000511,MthTotRet,-0.030957009
2023-09-29,1000511,MthTotRet,-0.050783691
2023-10-31,1000511,MthTotRet,-0.040677411
2023-11-30,1000511,MthTotRet,0.0927716573
2023-12-29,1000511,MthTotRet,0.0703930975
